date;05.11.2020;12.11.2020;19.11.2020;25.11.2020;30.11.2020;08.12.2020;09.12.2020;17.12.2020;22.12.2020;23.12.2020;25.12.2020;31.12.2020;05.01.2021;11.01.2021;13.01.2021;14.01.2021;19.01.2021;22.01.2021;25.01.2021;26.01.2021;27.01.2021;28.01.2021;31.01.2021;01.02.2021;02.02.2021;03.02.2021;19.02.2021;28.02.2021;08.03.2021
stockv;11.45;11.13;12.46;14.75;16.56;16.94;13.66;14.83;19.46;20.57;20.15;18.84;17.37;19.94;31.4;39.91;39.36;48.65;76.79;147.98;347.51;193.6;325;225;90;92.41;40.59;101.74;194.5
stockq;10000;10000;10000;10000;10000;10000;10000;10000;10000;10000;10000;10000;50000;50000;50000;50000;50000;50000;50000;50000;50000;50000;50000;50000;50000;50000;100000;100000;100000
Jan 15 21@10v;3.4;3.05;3.8;5.65;7.75;7.3;4.15;4.95;9.6;11.19;10.08;9.1;;;;;;;;;;;;;;;;;
Jan 15 21@10q;1000;1000;1000;1000;1000;1000;1000;1000;1000;1000;1000;1000;;;;;;;;;;;;;;;;;
Jan 15 21@15v;1.83;1.55;1.87;3.3;;;;;;;;;;;;;;;;;;;;;;;;;
Jan 15 21@15q;1000;1000;1000;1000;;;;;;;;;;;;;;;;;;;;;;;;;
Jan 15 21@17v;1.41;1.23;1.5;;;;;;;;;;;;;;;;;;;;;;;;;;
Jan 15 21@17q;1000;1000;1000;;;;;;;;;;;;;;;;;;;;;;;;;;
Jan 15 21@20v;1;0.84;0.95;1.93;3.75;2.53;0.88;0.66;2.6;3.3;2.9;1.6;0.86;1.36;11.4;;;;;;;;;;;;;;
Jan 15 21@20q;1000;1000;1000;1000;1000;1000;1000;1000;1000;1000;1000;1000;1000;1000;1000;;;;;;;;;;;;;;
Apr 16 21@12v;3.6;3.25;4.13;5.65;7.95;7.55;4.9;5.15;8.81;10.04;9.54;8.4;7.3;8.85;20.88;26.35;28.7;65.01;64.96;134.5;335.55;218;308;218;78.35;80;29.93;89.55;177.25
Apr 16 21@12q;1000;1000;1000;1000;1000;1000;1000;1000;1000;1000;1000;1000;1000;1000;1000;1000;1000;1000;800;800;500;500;500;500;500;500;500;500;500
