date;members
2020/10/28;1573324
2020/10/29;
2020/10/30;
2020/10/31;
2020/11/01;1577334
2020/11/02;
2020/11/03;
2020/11/04;
2020/11/05;
2020/11/06;1580667
2020/11/07;1581825
2020/11/08;1582729
2020/11/09;1583455
2020/11/10;1585629
2020/11/11;1587419
2020/11/12;
2020/11/13;1589740
2020/11/14;
2020/11/15;1591484
2020/11/16;1593227
2020/11/17;
2020/11/18;1595200
2020/11/19;1598151
2020/11/20;
2020/11/21;1601585
2020/11/22;
2020/11/23;1605627
2020/11/24;
2020/11/25;1612365
2020/11/26;
2020/11/27;1621072
2020/11/28;1627424
2020/11/29;
2020/11/30;1636499
2020/12/01;1642854
2020/12/02;1643316
2020/12/03;1652062
2020/12/04;1652258
2020/12/05;1658103
2020/12/06;1659404
2020/12/07;1667689
2020/12/08;
2020/12/09;1681700
2020/12/10;1682253
2020/12/11;
2020/12/12;1692008
2020/12/13;1694852
2020/12/14;1696400
2020/12/15;
2020/12/16;1709094
2020/12/17;
2020/12/18;1714030
2020/12/19;
2020/12/20;
2020/12/21;1726626
2020/12/22;1732132
2020/12/23;1736937
2020/12/24;1737356
2020/12/25;1740873
2020/12/26;1744080
2020/12/27;
2020/12/28;1747776
2020/12/29;1751744
2020/12/30;
2020/12/31;1755666
2021/01/01;
2021/01/02;1759616
2021/01/03;1764619
2021/01/04;1769179
2021/01/05;1773346
2021/01/06;1777458
2021/01/07;1782523
2021/01/08;1788620
2021/01/09;1793320
2021/01/10;1799368
2021/01/11;1805576
2021/01/12;1810908
2021/01/13;1821961
2021/01/14;1839235
2021/01/15;1857070
2021/01/16;
2021/01/17;
2021/01/18;1886614
2021/01/19;
2021/01/20;
2021/01/21;
2021/01/22;
2021/01/23;
2021/01/24;2063990
2021/01/25;
2021/01/26;
2021/01/27;
2021/01/28;4949083
2021/01/29;6167787
2021/01/30;
2021/01/31;
2021/02/01;
2021/02/02;
2021/02/03;8462861
2021/02/04;8543123
2021/02/05;8603332
2021/02/06;8651917
2021/02/07;8697934
2021/02/08;8747860
2021/02/09;8800534
2021/02/10;8868209
2021/02/11;8946565
2021/02/12;8987409
2021/02/13;9018559
2021/02/14;9045339
2021/02/15;9070137
2021/02/16;9094838
2021/02/17;9117248
2021/02/18;9141837
2021/02/19;9161570
2021/02/20;9179701
2021/02/21;9196358
2021/02/22;9212654
2021/02/23;9226411
2021/02/24;9249719
2021/02/25;9295496
2021/02/26;9319273
2021/02/27;9333365
2021/02/28;9346290
2021/03/01;9363629
2021/03/02;9385303
2021/03/03;9410014
2021/03/04;9425121
2021/03/05;9436285
